{"boundaryID": "DNK-ADM2-71786716", "boundaryISO": "DNK", "boundaryYear": "2018", "boundaryType": "ADM2", "boundarySource": "geoBoundaries, Wikimedia Commons", "boundaryCanonical": "kommune", "boundaryLicense": "Public Domain", "licenseDetail": "", "licenseSource": "https//commons.wikimedia.org/wiki/File", "boundarySourceURL": "https//commons.wikimedia.org/wiki/File", "sourceDataUpdateDate": "Sun Apr 23 14:41:32 2023", "buildDate": "Dec 12, 2023", "admUnitCount": "98", "meanVertices": "85.0", "minVertices": "8", "maxVertices": "239", "meanPerimeterLengthKM": "173.29450129375567", "maxPerimeterLengthKM": "501.15700229348363", "minPerimeterLengthKM": "14.383475662542756", "meanAreaSqKM": "445.4170653631125", "minAreaSqKM": "7.500198634916647", "maxAreaSqKM": "1498.7927739271693"}